-- phpMyAdmin SQL Dump
-- version 5.2.1
-- https://www.phpmyadmin.net/
--
-- Servidor: 127.0.0.1
-- Tiempo de generación: 04-10-2025 a las 22:07:01
-- Versión del servidor: 10.4.32-MariaDB
-- Versión de PHP: 8.2.12

SET SQL_MODE = "NO_AUTO_VALUE_ON_ZERO";
START TRANSACTION;
SET time_zone = "+00:00";


/*!40101 SET @OLD_CHARACTER_SET_CLIENT=@@CHARACTER_SET_CLIENT */;
/*!40101 SET @OLD_CHARACTER_SET_RESULTS=@@CHARACTER_SET_RESULTS */;
/*!40101 SET @OLD_COLLATION_CONNECTION=@@COLLATION_CONNECTION */;
/*!40101 SET NAMES utf8mb4 */;

--
-- Base de datos: `bd_ferreteria`
--

-- --------------------------------------------------------

--
-- Estructura de tabla para la tabla `articulo`
--

CREATE TABLE `articulo` (
  `idarticulo` int(11) NOT NULL,
  `idcategoria` int(11) NOT NULL,
  `codigo` varchar(50) DEFAULT NULL,
  `nombre` varchar(100) NOT NULL,
  `stock` int(11) NOT NULL,
  `descripcion` varchar(256) DEFAULT NULL,
  `imagen` varchar(50) DEFAULT NULL,
  `condicion` tinyint(1) NOT NULL DEFAULT 1
) ENGINE=InnoDB DEFAULT CHARSET=latin1 COLLATE=latin1_swedish_ci;

-- --------------------------------------------------------

--
-- Estructura de tabla para la tabla `categoria`
--

CREATE TABLE `categoria` (
  `idcategoria` int(11) NOT NULL,
  `nombre` varchar(50) NOT NULL,
  `descripcion` varchar(256) DEFAULT NULL,
  `condicion` tinyint(1) NOT NULL DEFAULT 1
) ENGINE=InnoDB DEFAULT CHARSET=latin1 COLLATE=latin1_swedish_ci;

-- --------------------------------------------------------

--
-- Estructura de tabla para la tabla `detalle_ingreso`
--

CREATE TABLE `detalle_ingreso` (
  `iddetalle_ingreso` int(11) NOT NULL,
  `idingreso` int(11) NOT NULL,
  `idarticulo` int(11) NOT NULL,
  `cantidad` int(11) NOT NULL,
  `precio_compra` decimal(11,2) NOT NULL,
  `precio_venta` decimal(11,2) NOT NULL
) ENGINE=InnoDB DEFAULT CHARSET=latin1 COLLATE=latin1_swedish_ci;

--
-- Disparadores `detalle_ingreso`
--
DELIMITER $$
CREATE TRIGGER `tr_updStockIngreso` AFTER INSERT ON `detalle_ingreso` FOR EACH ROW BEGIN
 UPDATE articulo SET stock = stock + NEW.cantidad 
 WHERE articulo.idarticulo = NEW.idarticulo;
END
$$
DELIMITER ;

-- --------------------------------------------------------

--
-- Estructura de tabla para la tabla `detalle_venta`
--

CREATE TABLE `detalle_venta` (
  `iddetalle_venta` int(11) NOT NULL,
  `idventa` int(11) NOT NULL,
  `idarticulo` int(11) NOT NULL,
  `cantidad` int(11) NOT NULL,
  `precio_venta` decimal(11,2) NOT NULL,
  `descuento` decimal(11,2) NOT NULL
) ENGINE=InnoDB DEFAULT CHARSET=latin1 COLLATE=latin1_swedish_ci;

--
-- Disparadores `detalle_venta`
--
DELIMITER $$
CREATE TRIGGER `tr_updStockVenta` AFTER INSERT ON `detalle_venta` FOR EACH ROW BEGIN
 UPDATE articulo SET stock = stock - NEW.cantidad 
 WHERE articulo.idarticulo = NEW.idarticulo;
END
$$
DELIMITER ;

-- --------------------------------------------------------

--
-- Estructura de tabla para la tabla `ingreso`
--

CREATE TABLE `ingreso` (
  `idingreso` int(11) NOT NULL,
  `idproveedor` int(11) NOT NULL,
  `idusuario` int(11) NOT NULL,
  `tipo_comprobante` varchar(20) NOT NULL,
  `serie_comprobante` varchar(7) DEFAULT NULL,
  `num_comprobante` varchar(10) NOT NULL,
  `fecha_hora` datetime NOT NULL,
  `impuesto` decimal(4,2) NOT NULL,
  `total_compra` decimal(11,2) NOT NULL,
  `estado` varchar(20) NOT NULL
) ENGINE=InnoDB DEFAULT CHARSET=latin1 COLLATE=latin1_swedish_ci;

--
-- Disparadores `ingreso`
--
DELIMITER $$
CREATE TRIGGER `tr_updStockIngresoAnular` AFTER UPDATE ON `ingreso` FOR EACH ROW BEGIN
UPDATE articulo a
JOIN detalle_ingreso di
ON di.idarticulo = a.idarticulo
AND di.idingreso = new.idingreso
set a.stock = a.stock - di.cantidad;
end
$$
DELIMITER ;

-- --------------------------------------------------------

--
-- Estructura de tabla para la tabla `permiso`
--

CREATE TABLE `permiso` (
  `idpermiso` int(11) NOT NULL,
  `nombre` varchar(30) NOT NULL
) ENGINE=InnoDB DEFAULT CHARSET=latin1 COLLATE=latin1_swedish_ci;

--
-- Volcado de datos para la tabla `permiso`
--

INSERT INTO `permiso` (`idpermiso`, `nombre`) VALUES
(1, 'Escritorio'),
(2, 'Almacen'),
(3, 'Compras'),
(4, 'Ventas'),
(5, 'Acceso'),
(6, 'Consulta Compras'),
(7, 'Consulta Ventas');

-- --------------------------------------------------------

--
-- Estructura de tabla para la tabla `persona`
--

CREATE TABLE `persona` (
  `idpersona` int(11) NOT NULL,
  `tipo_persona` varchar(20) NOT NULL,
  `nombre` varchar(100) NOT NULL,
  `tipo_documento` varchar(20) DEFAULT NULL,
  `num_documento` varchar(20) DEFAULT NULL,
  `direccion` varchar(70) DEFAULT NULL,
  `telefono` varchar(20) DEFAULT NULL,
  `email` varchar(50) DEFAULT NULL
) ENGINE=InnoDB DEFAULT CHARSET=latin1 COLLATE=latin1_swedish_ci;

-- --------------------------------------------------------

--
-- Estructura de tabla para la tabla `usuario`
--

CREATE TABLE `usuario` (
  `idusuario` int(11) NOT NULL,
  `nombre` varchar(100) NOT NULL,
  `tipo_documento` varchar(20) NOT NULL,
  `num_documento` varchar(20) NOT NULL,
  `direccion` varchar(70) DEFAULT NULL,
  `telefono` varchar(20) DEFAULT NULL,
  `email` varchar(50) DEFAULT NULL,
  `cargo` varchar(20) DEFAULT NULL,
  `login` varchar(20) NOT NULL,
  `clave` varchar(64) NOT NULL,
  `imagen` varchar(50) NOT NULL,
  `condicion` tinyint(1) NOT NULL DEFAULT 1
) ENGINE=InnoDB DEFAULT CHARSET=latin1 COLLATE=latin1_swedish_ci;

--
-- Volcado de datos para la tabla `usuario`
--

INSERT INTO `usuario` (`idusuario`, `nombre`, `tipo_documento`, `num_documento`, `direccion`, `telefono`, `email`, `cargo`, `login`, `clave`, `imagen`, `condicion`) VALUES
(1, 'Cristian Manfredy', 'DNI', '47715777', 'Urb. San juan Chiclayo', '931742904', '', 'Admin', 'admin', 'a665a45920422f9d417e4867efdc4fb8a04a1f3fff1fa07e998e86f7f7a27ae3', '1487132068.jpg', 1),
(2, 'Jouse Valle', 'DNI', '74134654', 'Cadiz Chiclayo', '932378900', 'josuevalle@outlook.com', 'Almacenero', 'Almacenero', '173af653133d964edfc16cafe0aba33c8f500a07f3ba3f81943916910c257705', '1746061337.jpg', 1);

-- --------------------------------------------------------

--
-- Estructura de tabla para la tabla `usuario_permiso`
--

CREATE TABLE `usuario_permiso` (
  `idusuario_permiso` int(11) NOT NULL,
  `idusuario` int(11) NOT NULL,
  `idpermiso` int(11) NOT NULL
) ENGINE=InnoDB DEFAULT CHARSET=latin1 COLLATE=latin1_swedish_ci;

--
-- Volcado de datos para la tabla `usuario_permiso`
--

INSERT INTO `usuario_permiso` (`idusuario_permiso`, `idusuario`, `idpermiso`) VALUES
(110, 1, 1),
(111, 1, 2),
(112, 1, 3),
(113, 1, 4),
(114, 1, 5),
(115, 1, 6),
(116, 1, 7),
(120, 2, 2),
(121, 2, 3),
(122, 2, 6);

-- --------------------------------------------------------

--
-- Estructura de tabla para la tabla `venta`
--

CREATE TABLE `venta` (
  `idventa` int(11) NOT NULL,
  `idcliente` int(11) NOT NULL,
  `idusuario` int(11) NOT NULL,
  `tipo_comprobante` varchar(20) NOT NULL,
  `serie_comprobante` varchar(7) DEFAULT NULL,
  `num_comprobante` varchar(10) NOT NULL,
  `fecha_hora` datetime NOT NULL,
  `impuesto` decimal(4,2) NOT NULL,
  `total_venta` decimal(11,2) NOT NULL,
  `estado` varchar(20) NOT NULL
) ENGINE=InnoDB DEFAULT CHARSET=latin1 COLLATE=latin1_swedish_ci;

--
-- Índices para tablas volcadas
--

--
-- Indices de la tabla `articulo`
--
ALTER TABLE `articulo`
  ADD PRIMARY KEY (`idarticulo`),
  ADD UNIQUE KEY `nombre_UNIQUE` (`nombre`),
  ADD KEY `fk_articulo_categoria_idx` (`idcategoria`);

--
-- Indices de la tabla `categoria`
--
ALTER TABLE `categoria`
  ADD PRIMARY KEY (`idcategoria`),
  ADD UNIQUE KEY `nombre_UNIQUE` (`nombre`);

--
-- Indices de la tabla `detalle_ingreso`
--
ALTER TABLE `detalle_ingreso`
  ADD PRIMARY KEY (`iddetalle_ingreso`),
  ADD KEY `fk_detalle_ingreso_ingreso_idx` (`idingreso`),
  ADD KEY `fk_detalle_ingreso_articulo_idx` (`idarticulo`);

--
-- Indices de la tabla `detalle_venta`
--
ALTER TABLE `detalle_venta`
  ADD PRIMARY KEY (`iddetalle_venta`),
  ADD KEY `fk_detalle_venta_venta_idx` (`idventa`),
  ADD KEY `fk_detalle_venta_articulo_idx` (`idarticulo`);

--
-- Indices de la tabla `ingreso`
--
ALTER TABLE `ingreso`
  ADD PRIMARY KEY (`idingreso`),
  ADD KEY `fk_ingreso_persona_idx` (`idproveedor`),
  ADD KEY `fk_ingreso_usuario_idx` (`idusuario`);

--
-- Indices de la tabla `permiso`
--
ALTER TABLE `permiso`
  ADD PRIMARY KEY (`idpermiso`);

--
-- Indices de la tabla `persona`
--
ALTER TABLE `persona`
  ADD PRIMARY KEY (`idpersona`);

--
-- Indices de la tabla `usuario`
--
ALTER TABLE `usuario`
  ADD PRIMARY KEY (`idusuario`),
  ADD UNIQUE KEY `login_UNIQUE` (`login`);

--
-- Indices de la tabla `usuario_permiso`
--
ALTER TABLE `usuario_permiso`
  ADD PRIMARY KEY (`idusuario_permiso`),
  ADD KEY `fk_usuario_permiso_permiso_idx` (`idpermiso`),
  ADD KEY `fk_usuario_permiso_usuario_idx` (`idusuario`);

--
-- Indices de la tabla `venta`
--
ALTER TABLE `venta`
  ADD PRIMARY KEY (`idventa`),
  ADD KEY `fk_venta_persona_idx` (`idcliente`),
  ADD KEY `fk_venta_usuario_idx` (`idusuario`);

--
-- AUTO_INCREMENT de las tablas volcadas
--

--
-- AUTO_INCREMENT de la tabla `articulo`
--
ALTER TABLE `articulo`
  MODIFY `idarticulo` int(11) NOT NULL AUTO_INCREMENT, AUTO_INCREMENT=5;

--
-- AUTO_INCREMENT de la tabla `categoria`
--
ALTER TABLE `categoria`
  MODIFY `idcategoria` int(11) NOT NULL AUTO_INCREMENT, AUTO_INCREMENT=7;

--
-- AUTO_INCREMENT de la tabla `detalle_ingreso`
--
ALTER TABLE `detalle_ingreso`
  MODIFY `iddetalle_ingreso` int(11) NOT NULL AUTO_INCREMENT, AUTO_INCREMENT=13;

--
-- AUTO_INCREMENT de la tabla `detalle_venta`
--
ALTER TABLE `detalle_venta`
  MODIFY `iddetalle_venta` int(11) NOT NULL AUTO_INCREMENT, AUTO_INCREMENT=21;

--
-- AUTO_INCREMENT de la tabla `ingreso`
--
ALTER TABLE `ingreso`
  MODIFY `idingreso` int(11) NOT NULL AUTO_INCREMENT, AUTO_INCREMENT=10;

--
-- AUTO_INCREMENT de la tabla `permiso`
--
ALTER TABLE `permiso`
  MODIFY `idpermiso` int(11) NOT NULL AUTO_INCREMENT, AUTO_INCREMENT=8;

--
-- AUTO_INCREMENT de la tabla `persona`
--
ALTER TABLE `persona`
  MODIFY `idpersona` int(11) NOT NULL AUTO_INCREMENT, AUTO_INCREMENT=11;

--
-- AUTO_INCREMENT de la tabla `usuario`
--
ALTER TABLE `usuario`
  MODIFY `idusuario` int(11) NOT NULL AUTO_INCREMENT, AUTO_INCREMENT=3;

--
-- AUTO_INCREMENT de la tabla `usuario_permiso`
--
ALTER TABLE `usuario_permiso`
  MODIFY `idusuario_permiso` int(11) NOT NULL AUTO_INCREMENT, AUTO_INCREMENT=123;

--
-- AUTO_INCREMENT de la tabla `venta`
--
ALTER TABLE `venta`
  MODIFY `idventa` int(11) NOT NULL AUTO_INCREMENT, AUTO_INCREMENT=9;

--
-- Restricciones para tablas volcadas
--

--
-- Filtros para la tabla `articulo`
--
ALTER TABLE `articulo`
  ADD CONSTRAINT `fk_articulo_categoria` FOREIGN KEY (`idcategoria`) REFERENCES `categoria` (`idcategoria`) ON DELETE NO ACTION ON UPDATE NO ACTION;

--
-- Filtros para la tabla `detalle_ingreso`
--
ALTER TABLE `detalle_ingreso`
  ADD CONSTRAINT `fk_detalle_ingreso_articulo` FOREIGN KEY (`idarticulo`) REFERENCES `articulo` (`idarticulo`) ON DELETE NO ACTION ON UPDATE NO ACTION,
  ADD CONSTRAINT `fk_detalle_ingreso_ingreso` FOREIGN KEY (`idingreso`) REFERENCES `ingreso` (`idingreso`) ON DELETE NO ACTION ON UPDATE NO ACTION;

--
-- Filtros para la tabla `detalle_venta`
--
ALTER TABLE `detalle_venta`
  ADD CONSTRAINT `fk_detalle_venta_articulo` FOREIGN KEY (`idarticulo`) REFERENCES `articulo` (`idarticulo`) ON DELETE NO ACTION ON UPDATE NO ACTION,
  ADD CONSTRAINT `fk_detalle_venta_venta` FOREIGN KEY (`idventa`) REFERENCES `venta` (`idventa`) ON DELETE NO ACTION ON UPDATE NO ACTION;

--
-- Filtros para la tabla `ingreso`
--
ALTER TABLE `ingreso`
  ADD CONSTRAINT `fk_ingreso_persona` FOREIGN KEY (`idproveedor`) REFERENCES `persona` (`idpersona`) ON DELETE NO ACTION ON UPDATE NO ACTION,
  ADD CONSTRAINT `fk_ingreso_usuario` FOREIGN KEY (`idusuario`) REFERENCES `usuario` (`idusuario`) ON DELETE NO ACTION ON UPDATE NO ACTION;

--
-- Filtros para la tabla `usuario_permiso`
--
ALTER TABLE `usuario_permiso`
  ADD CONSTRAINT `fk_usuario_permiso_permiso` FOREIGN KEY (`idpermiso`) REFERENCES `permiso` (`idpermiso`) ON DELETE NO ACTION ON UPDATE NO ACTION,
  ADD CONSTRAINT `fk_usuario_permiso_usuario` FOREIGN KEY (`idusuario`) REFERENCES `usuario` (`idusuario`) ON DELETE NO ACTION ON UPDATE NO ACTION;

--
-- Filtros para la tabla `venta`
--
ALTER TABLE `venta`
  ADD CONSTRAINT `fk_venta_persona` FOREIGN KEY (`idcliente`) REFERENCES `persona` (`idpersona`) ON DELETE NO ACTION ON UPDATE NO ACTION,
  ADD CONSTRAINT `fk_venta_usuario` FOREIGN KEY (`idusuario`) REFERENCES `usuario` (`idusuario`) ON DELETE NO ACTION ON UPDATE NO ACTION;
COMMIT;

/*!40101 SET CHARACTER_SET_CLIENT=@OLD_CHARACTER_SET_CLIENT */;
/*!40101 SET CHARACTER_SET_RESULTS=@OLD_CHARACTER_SET_RESULTS */;
/*!40101 SET COLLATION_CONNECTION=@OLD_COLLATION_CONNECTION */;
